options,price
,950 Millions
,1 340 Millions
,1 Millions
,795 Millions
,690 Millions
,123 Millions
,785 Millions
,850 Millions
,510 Millions
,800 Millions
,182 Millions
,428.90 Millions
0123 45 64 89,465 Millions
,1 145 Millions
,1 175 Millions
,790 Millions
,490 Millions
0123 45 64 89,930 Millions
,345 Millions
,1 070 Millions
,130 Millions
,107 Millions
,268 Millions
,201 Millions
,90 Millions
"Climatisation,Toit ouvrant,ABS,ESP,Radar de recul,Direction assisstée,Retroviseurs électriques,Phares antibrouillard,Radio CD,Alarme,Jantes Alliage,Feux du jour,Vitres éléctriques,0123 45 64 89",1 Millions
,470 Millions
,388 Millions
,180 Millions
0123 45 64 89,170 Millions
,70 Millions
,226 Millions
"Climatisation,Radio CD,Alarme,Vitres éléctriques",180 Millions
,450 Millions
,1 Millions
,1 Millions
,200 Millions
0123 45 64 89,1 Millions
,166 Millions
,139 Millions
,128 Millions
"Climatisation,ABS,Retroviseurs électriques,Phares antibrouillard,Alarme,Jantes Alliage,0123 45 64 89",11 Millions
,125 Millions
,1 Millions
,1 111 Millions
"Climatisation,ABS,ESP,Radar de recul,Direction assisstée,Retroviseurs électriques,Phares antibrouillard,Radio CD,Phares xénon,Jantes Alliage,Feux du jour,Vitres éléctriques",285 Millions
,98 Millions
,1 Millions
"Climatisation,Direction assisstée,Alarme",305 Millions
,208 Millions
,145 Millions
,340 Millions
"Climatisation,ABS,Radio CD,Vitres éléctriques",230 Millions
"Climatisation,Toit ouvrant,ABS,ESP,Radar de recul,Direction assisstée,Retroviseurs électriques,Phares antibrouillard,Radio CD,Alarme,Phares xénon,Jantes Alliage,Feux du jour,Vitres éléctriques",210 Millions
,2 Millions
"Climatisation,ABS,ESP,Radar de recul,Direction assisstée,Retroviseurs électriques,Phares antibrouillard,Radio CD,Alarme,Phares xénon,Jantes Alliage,Feux du jour,Vitres éléctriques",375 Millions
0123 45 64 89,52 Millions
"Climatisation,ABS,Direction assisstée,Retroviseurs électriques,Phares antibrouillard,Radio CD,Alarme,Jantes Alliage,Feux du jour,Vitres éléctriques",210 Millions
,11 Millions
,210 Millions
"Climatisation,ABS,Retroviseurs électriques,0123 45 64 89",55 Millions
,77 Millions
"Climatisation,Direction assisstée,Retroviseurs électriques,Phares antibrouillard,Radio CD,Alarme,Phares xénon,Jantes Alliage,Feux du jour,Vitres éléctriques,0123 45 64 89",175 Millions
,390 Millions
,96 Millions
,73 Millions
"Climatisation,Radar de recul,Direction assisstée,Retroviseurs électriques,Phares antibrouillard,Alarme,Jantes Alliage,Feux du jour,Vitres éléctriques,0123 45 64 89",1 Millions
,500 Millions
"Climatisation,ABS,ESP,Phares antibrouillard,Jantes Alliage,Feux du jour,Vitres éléctriques",1 Millions
,192 Millions
"Direction assisstée,Radio CD,0123 45 64 89",85 Millions
,1 Millions
"Climatisation,ABS,Direction assisstée,Retroviseurs électriques,Phares antibrouillard,Radio CD,Vitres éléctriques,0123 45 64 89",200 Millions
,339.50 Millions
,1 Millions
,145 Millions
,111 Millions
,1 234 Millions
,530 Millions
,1 Millions
,540 Millions
,1 Millions
0123 45 64 89,190 Millions
,1 Millions
,245 Millions
,10 Millions
"Climatisation,ABS,ESP,Radar de recul,Retroviseurs électriques,Phares antibrouillard,Feux du jour,Vitres éléctriques,0123 45 64 89",1 Millions
"Climatisation,ABS,ESP,Radar de recul,Direction assisstée,Retroviseurs électriques,Phares antibrouillard,Radio CD,Alarme,Jantes Alliage,Feux du jour,Vitres éléctriques,0123 45 64 89",220 Millions
,1 Millions
,320 Millions
,270 Millions
"Climatisation,ABS,ESP,Radar de recul,Direction assisstée,Retroviseurs électriques,Phares antibrouillard,Radio CD,Alarme,Feux du jour,Vitres éléctriques,0123 45 64 89",380 Millions
"Climatisation,ABS,ESP,Radar de recul,Direction assisstée,Phares antibrouillard,Radio CD,Alarme,Feux du jour,Vitres éléctriques",1 Millions
"Climatisation,Toit ouvrant,ABS,ESP,Radar de recul,Direction assisstée,Retroviseurs électriques,Phares antibrouillard,Radio CD,Alarme,Phares xénon,Jantes Alliage,Feux du jour,Vitres éléctriques,0123 45 64 89",200 Millions
,1 Millions
,1 Millions
